<?xml version="1.0" encoding="UTF-8"?>
<project-private xmlns="http://www.netbeans.org/ns/project-private/1">
    <editor-bookmarks xmlns="http://www.netbeans.org/ns/editor-bookmarks/2" lastBookmarkId="0"/>
    <open-files xmlns="http://www.netbeans.org/ns/projectui-open-files/2">
        <group>
            <file>file:/C:/Users/CBM/Documents/NetBeansProjects/Property-Management-System-master/src/AmendLandlordGUI.java</file>
            <file>file:/C:/Users/CBM/Documents/NetBeansProjects/Property-Management-System-master/src/AmendTenantGUI.java</file>
            <file>file:/C:/Users/CBM/Documents/NetBeansProjects/Property-Management-System-master/src/HomeScreenGUI.java</file>
            <file>file:/C:/Users/CBM/Documents/NetBeansProjects/Property-Management-System-master/src/Landlord.java</file>
            <file>file:/C:/Users/CBM/Documents/NetBeansProjects/Property-Management-System-master/src/LandlordTest.java</file>
            <file>file:/C:/Users/CBM/Documents/NetBeansProjects/Property-Management-System-master/src/LeaseProperty.java</file>
            <file>file:/C:/Users/CBM/Documents/NetBeansProjects/Property-Management-System-master/src/Person.java</file>
            <file>file:/C:/Users/CBM/Documents/NetBeansProjects/Property-Management-System-master/src/PersonTest.java</file>
            <file>file:/C:/Users/CBM/Documents/NetBeansProjects/Property-Management-System-master/src/Property.java</file>
            <file>file:/C:/Users/CBM/Documents/NetBeansProjects/Property-Management-System-master/src/PropertyRent.java</file>
            <file>file:/C:/Users/CBM/Documents/NetBeansProjects/Property-Management-System-master/src/PropertyTest.java</file>
            <file>file:/C:/Users/CBM/Documents/NetBeansProjects/Property-Management-System-master/src/RecordNewPropertyGUI.java</file>
            <file>file:/C:/Users/CBM/Documents/NetBeansProjects/Property-Management-System-master/src/RegisterLandlordGUI.java</file>
            <file>file:/C:/Users/CBM/Documents/NetBeansProjects/Property-Management-System-master/src/RegisterNewTenantGUI.java</file>
            <file>file:/C:/Users/CBM/Documents/NetBeansProjects/Property-Management-System-master/src/Rental.java</file>
            <file>file:/C:/Users/CBM/Documents/NetBeansProjects/Property-Management-System-master/src/Tenant.java</file>
            <file>file:/C:/Users/CBM/Documents/NetBeansProjects/Property-Management-System-master/src/TenantTest.java</file>
            <file>file:/C:/Users/CBM/Documents/NetBeansProjects/Property-Management-System-master/src/propertyLoadTester.java</file>
            <file>file:/C:/Users/CBM/Documents/NetBeansProjects/Property-Management-System-master/src/propertySaveTester.java</file>
        </group>
    </open-files>
</project-private>
